Date,AAPL,JPM,SPY,TSLA,XOM
2021-01-04,126.40521240234375,112.30847930908203,348.2994384765625,243.2566680908203,34.85148620605469
2021-01-05,127.96804809570312,112.91960144042969,350.6982727050781,245.0366668701172,36.53107452392578
2021-01-06,123.66047668457031,118.2218017578125,352.7948913574219,251.9933319091797,37.46323776245117
2021-01-07,127.88015747070312,122.10416412353516,358.0365295410156,272.0133361816406,37.757171630859375
2021-01-08,128.98391723632812,122.23898315429688,360.0765686035156,293.3399963378906,38.17707061767578
2021-01-11,125.98519897460938,124.06328582763672,357.6493225097656,270.39666748046875,39.33599090576172
2021-01-12,125.80937957763672,126.01341247558594,357.72491455078125,283.14666748046875,40.209381103515625
2021-01-13,127.85086822509766,126.1302261352539,358.6882629394531,284.8033447265625,40.66286087036133
2021-01-14,125.91683959960938,126.8671646118164,357.4320983886719,281.6666564941406,42.25007247924805
2021-01-15,124.18794250488281,124.59347534179688,354.82550048828125,275.38665771484375,40.217769622802734
2021-01-19,124.86192321777344,124.05430603027344,357.6116027832031,281.51666259765625,41.01557922363281
2021-01-20,128.9644012451172,122.19400024414062,362.5604553222656,283.48333740234375,41.595035552978516
2021-01-21,133.69200134277344,121.16949462890625,362.89093017578125,281.663330078125,40.40251922607422
2021-01-22,135.8409423828125,120.23487854003906,361.6065368652344,282.21331787109375,39.83147048950195
2021-01-25,139.60154724121094,118.73406982421875,363.0326843261719,293.6000061035156,39.386375427246094
2021-01-26,139.83596801757812,118.24878692626953,362.46600341796875,294.36334228515625,38.521385192871094
2021-01-27,138.76150512695312,114.90567779541016,353.607177734375,288.0533447265625,38.08469009399414
2021-01-28,133.9069366455078,116.92772674560547,356.6482849121094,278.4766540527344,38.680946350097656
2021-01-29,128.8960418701172,115.63360595703125,349.50823974609375,264.510009765625,37.656402587890625
2021-02-01,131.025390625,116.48737335205078,355.3260803222656,279.9366760253906,37.72357940673828
2021-02-02,131.8556671142578,120.07312774658203,360.3504333496094,290.92999267578125,38.3198356628418
2021-02-03,130.83004760742188,121.44807434082031,360.63372802734375,284.89666748046875,39.82306671142578
2021-02-04,134.19993591308594,124.24296569824219,364.732666015625,283.3299865722656,40.5872802734375
2021-02-05,133.7841796875,124.00033569335938,366.1681213378906,284.07666015625,41.947750091552734
2021-02-08,133.930908203125,125.94152069091797,368.8126220703125,287.8066711425781,43.75331115722656
2021-02-09,133.0504913330078,125.43824005126953,368.5670471191406,283.1533203125,43.240882873535156
2021-02-10,132.44403076171875,125.51013946533203,368.4064636230469,268.2733459472656,43.659358978271484
2021-02-11,132.18966674804688,125.15966033935547,369.00146484375,270.5533447265625,42.56616973876953
2021-02-12,132.4243927001953,126.93903350830078,370.8243103027344,272.0400085449219,43.14693069458008
2021-02-16,130.2918701171875,129.9945831298828,370.5031433105469,265.40667724609375,44.44509506225586
2021-02-17,127.99299621582031,130.39898681640625,370.5882263183594,266.04998779296875,45.136878967285156
2021-02-18,126.88761901855469,130.83934020996094,369.01092529296875,262.4599914550781,44.428016662597656
2021-02-19,127.04412078857422,133.02316284179688,368.3592529296875,260.4333190917969,44.72693634033203
2021-02-22,123.2583236694336,134.27232360839844,365.52593994140625,238.1666717529297,46.37526321411133
2021-02-23,123.12137603759766,135.35072326660156,365.9698486328125,232.94667053222656,47.015804290771484
2021-02-24,122.62246704101562,137.7322235107422,370.0025939941406,247.33999633789062,48.42499542236328
2021-02-25,118.3573226928711,135.8629608154297,361.08709716796875,227.4066619873047,47.6221809387207
2021-02-26,118.62146759033203,132.25927734375,359.2265625,225.1666717529297,46.43503952026367
2021-03-01,125.00936889648438,135.25186157226562,367.9342346191406,239.47666931152344,48.16878128051758
2021-03-02,122.39746856689453,134.81150817871094,365.0632019042969,228.81333923339844,47.88693618774414
2021-03-03,119.404052734375,137.417724609375,360.22772216796875,217.73333740234375,48.27125930786133
2021-03-04,117.51604461669922,135.30581665039062,355.76995849609375,207.14666748046875,50.14165115356445
2021-03-05,118.7779769897461,135.620361328125,362.3148498535156,199.31666564941406,52.03765106201172
2021-03-08,113.82808685302734,137.417724609375,360.5110168457031,187.6666717529297,51.986412048339844
2021-03-09,118.45515441894531,136.4470977783203,365.658203125,224.52667236328125,51.1836051940918
2021-03-10,117.36933135986328,139.4127655029297,367.9342346191406,222.68666076660156,52.755062103271484
2021-03-11,119.30622100830078,138.68484497070312,371.6647644042969,233.1999969482422,52.36220169067383
2021-03-12,118.39645385742188,140.32943725585938,372.1653137207031,231.2433319091797,52.92587661743164
2021-03-15,121.29205322265625,139.6284637451172,374.3847351074219,235.97999572753906,51.57646560668945
2021-03-16,122.83767700195312,137.9569091796875,373.9124755859375,225.6266632080078,50.4832763671875
2021-03-17,122.0453109741211,139.3768310546875,375.1875,233.93666076660156,50.705322265625
2021-03-18,117.90735626220703,141.67742919921875,369.7287292480469,217.72000122070312,48.518943786621094
2021-03-19,117.37909698486328,139.4217987060547,369.04461669921875,218.2899932861328,48.245643615722656
2021-03-22,120.70511627197266,135.6742401123047,371.99139404296875,223.3333282470703,47.75029373168945
2021-03-23,119.87361145019531,134.31724548339844,369.06353759765625,220.72000122070312,47.1609992980957
2021-03-24,117.4769058227539,135.35972595214844,367.1873779296875,210.08999633789062,48.1175422668457
2021-03-25,117.96605682373047,137.09417724609375,369.2530212402344,213.4633331298828,47.98088455200195
2021-03-26,118.5725326538086,139.3768310546875,375.20355224609375,206.23666381835938,49.287593841552734
2021-03-29,118.74862670898438,137.2109832763672,375.01397705078125,203.76333618164062,49.02283477783203
2021-03-30,117.29105377197266,138.8286590576172,374.0191650390625,211.8733367919922,48.41645431518555
2021-03-31,119.49211883544922,136.80661010742188,375.53515625,222.64332580566406,47.68196487426758
2021-04-01,120.3235855102539,138.1366729736328,379.59063720703125,220.5833282470703,49.01430130004883
2021-04-05,123.1604995727539,138.868896484375,385.0389709472656,230.35000610351562,48.254180908203125
2021-04-06,123.46376037597656,137.892578125,384.8114929199219,230.5399932861328,48.1175422668457
2021-04-07,125.11698913574219,140.05307006835938,385.2568664550781,223.6566619873047,48.331050872802734
2021-04-08,127.5234375,140.224853515625,387.0855712890625,227.93333435058594,47.8271598815918
2021-04-09,130.10601806640625,141.27345275878906,389.8997802734375,225.67333984375,47.71612548828125
2021-04-12,128.38430786132812,140.97512817382812,390.0418395996094,233.9933319091797,47.40012741088867
2021-04-13,131.50486755371094,139.29373168945312,391.1979064941406,254.10667419433594,47.5794792175293
2021-04-14,129.1571044921875,136.6903076171875,389.86187744140625,244.07666015625,48.95451736450195
2021-04-15,131.5733642578125,137.55810546875,394.04998779296875,246.28334045410156,48.66414260864258
2021-04-16,131.24078369140625,138.57962036132812,395.3670654296875,246.5933380126953,48.390838623046875
2021-04-19,131.9059600830078,137.99200439453125,393.4245300292969,238.2100067138672,48.237098693847656
2021-04-20,130.21359252929688,134.9365997314453,390.5440673828125,239.663330078125,47.22077941894531
2021-04-21,130.59507751464844,136.08460998535156,394.23944091796875,248.0399932861328,47.8271598815918
2021-04-22,129.0690460205078,133.21900939941406,390.63885498046875,239.89666748046875,47.203697204589844
2021-04-23,131.39727783203125,135.76821899414062,394.8742980957031,243.13333129882812,47.45991134643555
2021-04-26,131.78860473632812,136.10272216796875,395.6986999511719,246.06666564941406,47.55386734008789
2021-04-27,131.46575927734375,136.7264404296875,395.6133728027344,234.913330078125,48.177310943603516
2021-04-28,130.67337036132812,137.6123504638672,395.49969482421875,231.46665954589844,49.62921142578125
2021-04-29,130.57554626464844,140.28811645507812,398.02008056640625,225.6666717529297,50.33808135986328
2021-04-30,128.59950256347656,139.04063415527344,395.4049072265625,236.47999572753906,48.886192321777344
2021-05-03,129.65597534179688,138.63385009765625,396.2577209472656,228.3000030517578,50.23558807373047
2021-05-04,125.06806182861328,140.55026245117188,393.8130798339844,224.53334045410156,50.55158996582031
2021-05-05,125.3126449584961,142.39439392089844,393.936279296875,223.64666748046875,52.07181930541992
2021-05-06,126.91694641113281,145.26002502441406,397.08203125,221.17999267578125,52.56716537475586
2021-05-07,127.59310150146484,145.75717163085938,399.97198486328125,224.1233367919922,53.31874084472656
2021-05-10,124.30060577392578,145.73910522460938,396.0113525390625,209.67999267578125,53.44684982299805
2021-05-11,123.37950134277344,143.31643676757812,392.4770202636719,205.73333740234375,51.747276306152344
2021-05-12,120.30259704589844,142.3311004638672,384.13873291015625,196.6300048828125,52.02455139160156
2021-05-13,122.45840454101562,145.99221801757812,388.7532653808594,190.56333923339844,51.38334655761719
2021-05-14,124.88854217529297,148.2611541748047,394.72271728515625,196.5800018310547,52.65711212158203
2021-05-17,123.73226165771484,148.85780334472656,393.71832275390625,192.27667236328125,53.88752746582031
2021-05-18,122.34080505371094,146.76058959960938,390.3260803222656,192.6233367919922,52.362491607666016
2021-05-19,122.18402862548828,145.63966369628906,389.3028564453125,187.82000732421875,51.10606384277344
2021-05-20,124.75135803222656,145.38656616210938,393.49090576171875,195.5933380126953,50.98475646972656
2021-05-21,122.90914154052734,147.04078674316406,393.168701171875,193.6266632080078,51.054073333740234
2021-05-24,124.54556274414062,147.83631896972656,397.17681884765625,202.14666748046875,51.65196228027344
2021-05-25,124.3495864868164,146.30860900878906,396.2955627441406,201.56333923339844,50.482181549072266
2021-05-26,124.30060577392578,146.29055786132812,397.08203125,206.3766632080078,51.071414947509766
2021-05-27,122.76214599609375,148.56857299804688,397.2904968261719,210.28334045410156,50.74213790893555
2021-05-28,122.10562133789062,148.46913146972656,398.0011901855469,208.4066619873047,50.5775032043457
2021-06-01,121.7822494506836,150.10531616210938,397.6506042480469,207.96665954589844,52.38848876953125
2021-06-02,122.54658508300781,150.11436462402344,398.27587890625,201.7066650390625,52.804405212402344
2021-06-03,121.05713653564453,150.2137908935547,396.7977600097656,190.94667053222656,53.012367248535156
2021-06-04,123.35990142822266,150.45785522460938,400.42681884765625,199.68333435058594,53.24631881713867
2021-06-07,123.36968994140625,149.7527618408203,400.0383605957031,201.7100067138672,52.89971923828125
2021-06-08,124.19281005859375,149.15611267089844,400.1236572265625,201.19667053222656,53.83553695678711
2021-06-09,124.57496643066406,147.29393005371094,399.5267333984375,199.5933380126953,54.28611373901367
2021-06-10,123.57546997070312,144.99781799316406,401.38385009765625,203.3733367919922,54.372764587402344
2021-06-11,124.79055786132812,144.8983917236328,402.04705810546875,203.29666137695312,53.87019348144531
2021-06-14,127.85765838623047,142.43959045410156,402.947265625,205.89666748046875,53.783546447753906
2021-06-15,127.03455352783203,140.27908325195312,402.2082214355469,199.7866668701172,55.74184036254883
2021-06-16,127.53426361083984,141.26441955566406,399.9625244140625,201.6233367919922,55.542537689208984
2021-06-17,129.14129638671875,137.18748474121094,399.8299255371094,205.53334045410156,53.71422576904297
2021-06-18,127.83809661865234,133.71620178222656,394.43597412109375,207.77000427246094,52.336509704589844
2021-06-21,129.6410675048828,135.98516845703125,400.0827331542969,206.94332885742188,54.23412322998047
2021-06-22,131.28729248046875,135.78631591796875,402.2217102050781,207.90333557128906,55.27392578125
2021-06-23,131.01292419433594,136.60894775390625,401.73687744140625,218.85667419433594,55.681182861328125
2021-06-24,130.72874450683594,137.86546325683594,404.11346435546875,226.60667419433594,55.906455993652344
2021-06-25,130.43479919433594,139.25759887695312,405.54888916015625,223.9566650390625,56.02778625488281
2021-06-28,132.07122802734375,139.51071166992188,406.366455078125,229.57333374023438,54.598060607910156
2021-06-29,133.59007263183594,139.33897399902344,406.5850524902344,226.9199981689453,54.2601203918457
2021-06-30,134.20741271972656,140.6044921875,406.92730712890625,226.56666564941406,54.65870666503906
2021-07-01,134.51119995117188,141.99664306640625,409.1802978515625,225.97332763671875,54.81468200683594
2021-07-02,137.14710998535156,141.86026000976562,412.307861328125,226.3000030517578,54.736698150634766
2021-07-06,139.1656951904297,139.47817993164062,411.5568542480469,219.86000061035156,53.17699432373047
2021-07-07,141.6644744873047,139.64183044433594,413.0113220214844,214.88333129882812,52.34516143798828
2021-07-08,140.3612060546875,137.2324981689453,409.6461486816406,217.60333251953125,52.11121368408203
2021-07-09,142.19363403320312,141.62387084960938,414.01898193359375,218.98333740234375,53.055686950683594
2021-07-12,141.5958709716797,143.6513671875,415.50201416015625,228.56666564941406,53.003700256347656
2021-07-13,142.71295166015625,141.51475524902344,414.0856018066406,222.84666442871094,52.752410888671875
2021-07-14,146.1524200439453,141.03289794921875,414.7034606933594,217.7933349609375,51.582637786865234
2021-07-15,145.49588012695312,141.342041015625,413.2870178222656,216.86666870117188,51.080074310302734
2021-07-16,143.44789123535156,138.11439514160156,410.0453186035156,214.74000549316406,49.66767501831055
2021-07-19,139.58706665039062,133.62301635742188,403.9898986816406,215.4066619873047,47.96067810058594
2021-07-20,143.21270751953125,136.1142120361328,409.7792053222656,220.1666717529297,48.48924255371094
2021-07-21,142.47775268554688,138.97813415527344,413.0969543457031,218.42999267578125,50.04894256591797
2021-07-22,143.84963989257812,137.223388671875,413.9620056152344,216.4199981689453,49.4857177734375
2021-07-23,145.57424926757812,136.9597625732422,418.2208251953125,214.4600067138672,49.425071716308594
2021-07-26,145.9956512451172,137.87799072265625,419.2475280761719,219.2066650390625,50.67281723022461
2021-07-27,143.8202667236328,137.69618225097656,417.33673095703125,214.92666625976562,50.10958480834961
2021-07-28,142.06622314453125,137.9235076904297,417.1656799316406,215.66000366210938,50.447532653808594
2021-07-29,142.71295166015625,139.1054229736328,418.8958435058594,225.78334045410156,51.062744140625
2021-07-30,142.92855834960938,137.99620056152344,416.8614196777344,229.06666564941406,49.884307861328125
2021-08-02,142.5953826904297,137.44161987304688,415.9868469238281,236.55667114257812,49.89297103881836
2021-08-03,144.39840698242188,139.0054168701172,419.37115478515625,236.5800018310547,50.43020248413086
2021-08-04,143.9966583251953,137.5052490234375,417.3081970214844,236.97332763671875,49.251766204833984
2021-08-05,144.1044464111328,139.24179077148438,419.9509582519531,238.2100067138672,49.56370544433594
2021-08-06,143.41748046875,143.19676208496094,420.64483642578125,233.03334045410156,50.13558578491211
2021-08-09,143.36839294433594,143.04222106933594,420.3027038574219,237.9199981689453,49.56370544433594
2021-08-10,142.8875274658203,144.79690551757812,420.82550048828125,236.663330078125,50.41286849975586
2021-08-11,143.14268493652344,146.5243682861328,421.8712158203125,235.94000244140625,50.5601692199707
2021-08-12,146.11624145507812,147.09716796875,423.1355285644531,240.75,50.44582748413086
2021-08-13,146.32235717773438,145.45152282714844,423.9056396484375,239.05667114257812,49.93564987182617
2021-08-16,148.30470275878906,144.49688720703125,424.9037780761719,228.72332763671875,49.20557403564453
2021-08-17,147.39202880859375,142.75125122070312,422.118408203125,221.90333557128906,48.87132263183594
2021-08-18,143.6333770751953,141.4510955810547,417.49835205078125,229.663330078125,47.842166900634766
2021-08-19,143.96705627441406,140.26918029785156,418.144775390625,224.49000549316406,46.38201141357422
2021-08-20,145.42929077148438,140.6692352294922,421.47198486328125,226.75332641601562,46.390811920166016
2021-08-23,146.92100524902344,142.46939086914062,425.17950439453125,235.43333435058594,48.299564361572266
2021-08-24,146.83265686035156,143.35128784179688,425.8544006347656,236.163330078125,48.695396423339844
2021-08-25,145.59609985351562,146.30615234375,426.7480163574219,237.06666564941406,48.78335189819336
2021-08-26,144.79141235351562,147.06080627441406,424.2287902832031,233.72000122070312,48.12364196777344
2021-08-27,145.83164978027344,148.2427520751953,428.0218200683594,237.30667114257812,49.05604553222656
2021-08-30,150.26742553710938,145.86978149414062,429.9040832519531,243.6366729736328,48.51947784423828
2021-08-31,149.00146484375,145.42425537109375,429.26715087890625,245.24000549316406,47.95652389526367
2021-09-01,149.66876220703125,145.21514892578125,429.4952697753906,244.69667053222656,47.29681396484375
2021-09-02,150.78758239746094,145.88796997070312,430.8166809082031,244.1300048828125,48.44911193847656
2021-09-03,151.42544555664062,145.00604248046875,430.7121276855469,244.52333068847656,48.264381408691406
2021-09-07,153.7709503173828,144.75148010253906,429.1720886230469,250.97332763671875,47.982906341552734
2021-09-08,152.2203826904297,144.10592651367188,428.64923095703125,251.2899932861328,47.54310607910156
2021-09-09,151.19972229003906,144.73329162597656,426.81451416015625,251.6199951171875,47.57828903198242
2021-09-10,146.1947479248047,143.0694580078125,423.4493103027344,245.42333984375,47.48152542114258
2021-09-13,146.76394653320312,145.3424072265625,424.532958984375,247.6666717529297,48.704185485839844
2021-09-14,145.36058044433594,142.80584716796875,422.2420349121094,248.163330078125,48.0092887878418
2021-09-15,146.25363159179688,143.79684448242188,425.76885986328125,251.94332885742188,49.627784729003906
2021-09-16,146.01809692382812,143.73313903808594,425.09393310546875,252.3300018310547,49.10001754760742
2021-09-17,143.33895874023438,143.3604278564453,420.95306396484375,253.163330078125,48.51947784423828
2021-09-20,140.27706909179688,139.06906127929688,413.9339904785156,243.38999938964844,47.226444244384766
2021-09-21,140.75794982910156,139.08724975585938,413.5429382324219,246.4600067138672,47.18244934082031
2021-09-22,143.13287353515625,141.7511444091797,417.57696533203125,250.64666748046875,48.56344985961914
2021-09-23,144.09461975097656,146.5425567626953,422.6506042480469,251.2133331298828,50.208335876464844
2021-09-24,144.1829376220703,148.233642578125,423.3467102050781,258.1300048828125,50.65692901611328
2021-09-27,142.66184997558594,151.8158416748047,422.1356201171875,263.78668212890625,52.16106033325195
2021-09-28,139.2662811279297,150.99755859375,413.6287536621094,259.1866760253906,52.70643615722656
2021-09-29,140.1691436767578,150.87936401367188,414.32501220703125,260.4366760253906,52.67124938964844
2021-09-30,138.8638916015625,148.82464599609375,409.26092529296875,258.49334716796875,51.73885726928711
2021-10-01,139.9925079345703,151.95225524902344,414.1247253417969,258.40667724609375,53.594844818115234
2021-10-04,136.54788208007812,151.78855895996094,408.7840881347656,260.510009765625,54.28973388671875
2021-10-05,138.48118591308594,154.26731872558594,413.03753662109375,260.1966552734375,54.20177459716797
2021-10-06,139.3546142578125,154.5966033935547,414.7541198730469,260.9166564941406,53.20781707763672
2021-10-07,140.62054443359375,155.5752716064453,418.3399658203125,264.53668212890625,53.35734939575195
2021-10-08,140.2378387451172,155.69418334960938,417.57696533203125,261.8299865722656,54.69435501098633
2021-10-11,140.1494903564453,152.419677734375,414.5538635253906,263.9800109863281,54.14899444580078
2021-10-12,138.8737030029297,151.2489471435547,413.5334167480469,268.5733337402344,53.86752700805664
2021-10-13,138.284912109375,147.260986328125,415.0211181640625,270.3599853515625,53.717979431152344
2021-10-14,141.08181762695312,149.52020263671875,422.0020446777344,272.7733459472656,54.5360221862793
2021-10-15,142.1416778564453,152.39222717285156,425.21600341796875,281.010009765625,55.054996490478516
2021-10-18,143.81985473632812,152.33737182617188,426.474853515625,290.03668212890625,55.02861404418945
2021-10-19,145.98863220214844,154.1850128173828,429.76507568359375,288.0899963378906,55.8554573059082
2021-10-20,146.47933959960938,156.26126098632812,431.4530334472656,288.6000061035156,56.16331481933594
2021-10-21,146.6952362060547,155.03562927246094,432.5783386230469,298.0,55.14295959472656
2021-10-22,145.91998291015625,157.1210479736328,432.1300964355469,303.2266540527344,55.52119827270508
2021-10-25,145.87086486816406,156.35275268554688,434.4476013183594,341.6199951171875,56.603118896484375
2021-10-26,146.5382080078125,156.7734832763672,434.83856201171875,339.4766540527344,57.91374588012695
2021-10-27,146.07699584960938,153.50816345214844,432.912109375,345.9533386230469,56.409603118896484
2021-10-28,149.7277069091797,155.82223510742188,437.08929443359375,359.0133361816406,56.56793212890625
2021-10-29,147.00927734375,155.39236450195312,437.9761657714844,371.3333435058594,56.708675384521484
2021-11-01,146.18495178222656,155.3100128173828,438.72955322265625,402.86334228515625,57.7290153503418
2021-11-02,147.2252197265625,155.9228515625,440.5033264160156,390.6666564941406,57.01654052734375
2021-11-03,148.6678009033203,155.9777374267578,443.1927490234375,404.6199951171875,56.233680725097656
2021-11-04,148.14767456054688,153.9288787841797,445.2813415527344,409.9700012207031,56.65590286254883
2021-11-05,148.67837524414062,153.70938110351562,446.8262939453125,407.36334228515625,57.19245910644531
2021-11-08,147.85281372070312,154.63316345214844,447.207763671875,387.64666748046875,57.80818557739258
2021-11-09,148.2164764404297,153.46238708496094,445.7295227050781,341.1666564941406,58.37114715576172
2021-11-10,145.37615966796875,153.3160400390625,442.1437683105469,355.98333740234375,57.221195220947266
2021-11-11,145.3270263671875,153.30690002441406,442.2867126464844,354.5033264160156,57.32815933227539
2021-11-12,147.4105987548828,152.62091064453125,445.6246032714844,344.47332763671875,56.891357421875
2021-11-15,147.42039489746094,152.3465118408203,445.7772216796875,337.7966613769531,57.38165283203125
2021-11-16,148.4031982421875,151.2489471435547,447.5415344238281,351.57666015625,57.96107864379883
2021-11-17,150.85037231445312,150.4348602294922,446.45440673828125,363.0033264160156,57.32815933227539
2021-11-18,155.155029296875,149.1360321044922,447.970703125,365.4599914550781,56.70416259765625
2021-11-19,157.78895568847656,147.1877899169922,447.169677734375,379.0199890136719,54.083335876464844
2021-11-22,158.25088500976562,150.3251190185547,445.9107971191406,385.6233215332031,54.83214569091797
2021-11-23,158.63417053222656,153.91970825195312,446.5020446777344,369.6766662597656,56.276275634765625
2021-11-24,159.15509033203125,152.71238708496094,447.69415283203125,372.0,56.58827209472656
2021-11-26,154.11328125,148.1116180419922,437.7091064453125,360.6400146484375,54.60037612915039
2021-11-29,157.4842987060547,147.47134399414062,443.0783386230469,378.9966735839844,54.90345764160156
2021-11-30,162.4573211669922,145.2761688232422,434.4571228027344,381.586669921875,53.343448638916016
2021-12-01,161.93638610839844,144.41636657714844,429.6315002441406,365.0,53.29888153076172
2021-12-02,160.94375610351562,147.4530487060547,436.2118225097656,361.5333251953125,54.627113342285156
2021-12-03,159.05679321289062,144.7822265625,432.41619873046875,338.3233337402344,54.27945327758789
2021-12-06,162.47695922851562,146.49264526367188,437.5374755859375,336.336669921875,54.89454650878906
2021-12-07,168.2361602783203,148.69700622558594,446.587890625,350.5833435058594,55.50963592529297
2021-12-08,172.06912231445312,146.99574279785156,447.7704162597656,356.32000732421875,55.67009353637695
2021-12-09,171.55801391601562,146.76707458496094,444.747314453125,334.6000061035156,55.81272888183594
2021-12-10,176.36395263671875,146.1816864013672,448.9338684082031,339.010009765625,56.16929626464844
2021-12-13,172.7177734375,144.44381713867188,444.95709228515625,322.13665771484375,54.939117431640625
2021-12-14,171.33201599121094,145.55056762695312,441.895751953125,319.5033264160156,54.858890533447266
2021-12-15,176.2165069580078,144.46209716796875,448.8004150390625,325.3299865722656,54.618202209472656
2021-12-16,169.29759216308594,146.72132873535156,444.8426513671875,308.97332763671875,54.70734405517578
2021-12-17,168.1968536376953,143.3828125,440.10821533203125,310.8566589355469,53.512821197509766
2021-12-20,166.8307647705078,140.803466796875,435.4283447265625,299.9800109863281,52.737274169921875
2021-12-21,170.0150604248047,142.76995849609375,443.1611633300781,312.84332275390625,53.931800842285156
2021-12-22,172.61944580078125,143.32789611816406,447.5921936035156,336.2900085449219,54.36860656738281
2021-12-23,173.24844360351562,143.84011840820312,450.3771057128906,355.6666564941406,54.39534378051758
2021-12-27,177.22882080078125,144.663330078125,456.7509460449219,364.64666748046875,55.17089080810547
2021-12-28,176.20668029785156,145.10235595703125,456.3777160644531,362.8233337402344,54.99259948730469
2021-12-29,176.29515075683594,145.02919006347656,456.9614562988281,362.0633239746094,54.511234283447266
2021-12-30,175.13546752929688,144.95602416992188,455.69818115234375,356.7799987792969,54.19031524658203
2021-12-31,174.51629638671875,144.8371124267578,454.54974365234375,352.260009765625,54.54689025878906
2022-01-03,178.87991333007812,147.9012451171875,457.18157958984375,399.9266662597656,56.64175796508789
2022-01-04,176.609619140625,153.50816345214844,457.0284729003906,383.1966552734375,58.77229309082031
2022-01-05,171.91183471679688,150.70167541503906,448.2525329589844,362.7066650390625,59.50326156616211
2022-01-06,169.0420684814453,152.30276489257812,447.8314514160156,354.8999938964844,60.90281677246094
2022-01-07,169.20913696289062,153.81179809570312,446.0609436035156,342.32000732421875,61.40201950073242
2022-01-10,169.2288055419922,153.95901489257812,445.505859375,352.7066650390625,61.03652572631836
2022-01-11,172.06912231445312,154.11541748046875,449.5636291503906,354.79998779296875,63.60385513305664
2022-01-12,172.5113525390625,154.9895782470703,450.7790832519531,368.739990234375,63.41665267944336
2022-01-13,169.2288055419922,154.7963409423828,444.56793212890625,343.85333251953125,62.96202850341797
2022-01-14,170.09368896484375,145.28201293945312,444.74981689453125,349.8699951171875,64.0674057006836
2022-01-18,166.87991333007812,139.1906280517578,436.87353515625,343.5033264160156,65.14604949951172
2022-01-19,163.3712615966797,137.03749084472656,432.337158203125,331.8833312988281,65.17279052734375
2022-01-20,161.6808319091797,135.86891174316406,427.5520935058594,332.0899963378906,65.31541442871094
2022-01-21,159.6170196533203,133.49493408203125,419.15887451171875,314.6333312988281,64.3348388671875
2022-01-24,158.84054565429688,133.37530517578125,420.93896484375,310.0,64.88752746582031
2022-01-25,157.03219604492188,134.82916259765625,415.79974365234375,306.1333312988281,66.79519653320312
2022-01-26,156.9437713623047,136.10818481445312,414.7565612792969,312.4700012207031,66.11771392822266
2022-01-27,156.48182678222656,133.70657348632812,412.70849609375,276.3666687011719,66.9645767211914
2022-01-28,167.40077209472656,134.90277099609375,422.9582824707031,282.1166687011719,67.10720825195312
2022-01-31,171.7742462158203,136.73387145996094,430.5762634277344,312.239990234375,67.71337890625
2022-02-01,171.60716247558594,139.08023071289062,433.4856262207031,310.4166564941406,72.05467224121094
2022-02-02,172.8160400390625,137.96685791015625,437.696533203125,301.88665771484375,71.86746978759766
2022-02-03,169.92660522460938,136.8258819580078,427.40850830078125,297.0466613769531,71.02952575683594
2022-02-04,169.64120483398438,140.37765502929688,429.4182434082031,307.7733459472656,72.57172393798828
2022-02-07,168.9228515625,140.84693908691406,428.0401306152344,302.4466552734375,73.44530487060547
2022-02-08,172.04229736328125,143.49693298339844,431.56195068359375,307.3333435058594,71.54654693603516
2022-02-09,173.46917724609375,144.0950469970703,437.8783874511719,310.6666564941406,71.20404052734375
2022-02-10,169.37550354003906,143.49693298339844,430.0115966796875,301.51666259765625,70.51905059814453
2022-02-11,165.9510040283203,141.62905883789062,421.5323181152344,286.6666564941406,72.29463195800781
2022-02-14,166.1871795654297,140.313232421875,420.15423583984375,291.9200134277344,71.18602752685547
2022-02-15,170.03482055664062,142.3651580810547,426.929931640625,307.4766540527344,70.2937240600586
2022-02-16,169.79869079589844,142.62278747558594,427.40850830078125,307.7966613769531,70.6181869506836
2022-02-17,166.1871795654297,139.337890625,418.2784118652344,292.1166687011719,70.51004028320312
2022-02-18,164.63238525390625,139.9911651611328,415.57000732421875,285.6600036621094,69.72588348388672
2022-02-22,161.69992065429688,139.74273681640625,411.11029052734375,273.84332275390625,68.91470336914062
2022-02-23,157.51766967773438,136.81663513183594,403.8177490234375,254.67999267578125,69.19412231445312
2022-02-24,160.1450958251953,133.0072479248047,409.8948059082031,266.92333984375,68.31985473632812
2022-02-25,162.22145080566406,136.1541748046875,418.93878173828125,269.9566650390625,70.15850067138672
2022-02-28,162.4871368408203,130.47683715820312,417.8669128417969,290.1433410644531,70.6812744140625
2022-03-01,160.59774780273438,125.55406951904297,411.5027160644531,288.1233215332031,71.3572769165039
2022-03-02,163.90415954589844,128.15809631347656,419.0728454589844,293.2966613769531,72.58306121826172
2022-03-03,163.57943725585938,127.24714660644531,416.9864501953125,279.7633361816406,73.04273986816406
2022-03-04,160.5682373046875,123.66773986816406,413.5986022949219,279.42999267578125,75.791748046875
2022-03-07,156.7599334716797,118.89221954345703,401.4060363769531,268.1933288574219,78.52275085449219
2022-03-08,154.9296112060547,118.05487060546875,398.3627014160156,274.79998779296875,79.11759948730469
2022-03-09,160.35174560546875,122.78441619873047,409.0431213378906,286.3233337402344,74.62004852294922
2022-03-10,155.9923858642578,121.3305892944336,407.196044921875,279.4333190917969,76.93641662597656
2022-03-11,152.2628173828125,118.59774780273438,402.0185852050781,265.1166687011719,76.53984069824219
2022-03-14,148.2183380126953,119.77552795410156,399.08050537109375,255.4566650390625,73.79984283447266
2022-03-15,152.61703491210938,121.90107727050781,407.8564147949219,267.2966613769531,69.5997085571289
2022-03-16,157.04530334472656,127.3483657836914,416.9002990722656,280.07666015625,69.33831787109375
2022-03-17,158.0588836669922,128.9586181640625,422.1161804199219,290.5333251953125,71.18602752685547
2022-03-18,161.36529541015625,128.91261291503906,426.7395324707031,301.7966613769531,70.90660095214844
2022-03-21,162.74301147460938,128.49851989746094,426.61468505859375,307.0533447265625,74.08826446533203
2022-03-22,166.12814331054688,131.23138427734375,431.6067199707031,331.32666015625,73.76377868652344
2022-03-23,167.49598693847656,128.61814880371094,426.0482177734375,333.03668212890625,74.9264907836914
2022-03-24,171.29443359375,129.45545959472656,432.47064208984375,337.97332763671875,75.15181732177734
2022-03-25,171.93406677246094,130.58726501464844,434.58270263671875,336.8800048828125,76.79219818115234
2022-03-28,172.80001831054688,129.62112426757812,437.67388916015625,363.9466552734375,74.63805389404297
2022-03-29,176.10646057128906,129.90635681152344,443.0882873535156,366.5233459472656,74.24149322509766
2022-03-30,174.93545532226562,129.31747436523438,440.3523254394531,364.663330078125,75.51234436035156
2022-03-31,171.8258056640625,125.43445587158203,433.57470703125,359.20001220703125,74.43977355957031
2022-04-01,171.5305938720703,124.50508117675781,434.80352783203125,361.5299987792969,74.91747283935547
2022-04-04,175.5947265625,125.05716705322266,438.52825927734375,381.8166809082031,74.95352935791016
2022-04-05,172.2686309814453,123.60184478759766,432.98907470703125,363.7533264160156,74.56594848632812
2022-04-06,169.09014892578125,121.88697814941406,428.6595153808594,348.586669921875,75.39517974853516
2022-04-07,169.3951873779297,121.51618957519531,430.8194580078125,352.4200134277344,76.65701293945312
2022-04-08,167.37789916992188,123.74092102050781,429.6675109863281,341.8299865722656,78.27037048339844
2022-04-11,163.10707092285156,123.28668212890625,422.3235168457031,325.30999755859375,75.57544708251953
2022-04-12,164.9866180419922,121.93330383300781,420.7586364746094,328.98333740234375,77.15272521972656
2022-04-13,167.6829071044922,118.00298309326172,425.5778503417969,340.7900085449219,78.24332427978516
2022-04-14,162.65440368652344,116.9091567993164,420.2786865234375,328.3333435058594,79.16267395019531
2022-04-18,162.43789672851562,119.07825469970703,420.45147705078125,334.7633361816406,79.81161499023438
2022-04-19,164.7307586669922,121.54399108886719,427.2386474609375,342.7166748046875,79.09959411621094
2022-04-20,164.5634765625,121.97039031982422,426.92181396484375,325.73333740234375,79.27984619140625
2022-04-21,163.76638793945312,121.02490234375,420.5378723144531,336.260009765625,78.44161224365234
2022-04-22,159.210205078125,117.54874420166016,408.9986877441406,335.01666259765625,76.72911071777344
2022-04-25,160.28285217285156,117.51168060302734,411.3698425292969,332.67333984375,74.14234161376953
2022-04-26,154.29978942871094,114.0355453491211,399.456298828125,292.1400146484375,74.16938018798828
2022-04-27,154.07347106933594,112.55240631103516,400.5794372558594,293.836669921875,76.28746795654297
2022-04-28,161.03077697753906,114.3321762084961,410.6978454589844,292.5033264160156,78.59485626220703
2022-04-29,155.13623046875,110.64285278320312,395.520263671875,290.2533264160156,76.83728790283203
2022-05-02,155.44129943847656,111.65323638916016,397.9010314941406,300.9800109863281,77.88280487060547
2022-05-03,156.9370574951172,114.04481506347656,399.7250671386719,303.0833435058594,79.4871597290039
2022-05-04,163.37277221679688,117.81758117675781,411.8978576660156,317.5400085449219,82.65077209472656
2022-05-05,154.27029418945312,114.86982727050781,397.2578430175781,291.09332275390625,81.39793395996094
2022-05-06,154.99952697753906,114.68441772460938,394.8866271972656,288.54998779296875,82.6417465209961
2022-05-09,149.85523986816406,112.96027374267578,382.2434387207031,262.3699951171875,76.12523651123047
2022-05-10,152.2697296142578,110.20716094970703,383.1266784667969,266.67999267578125,76.62997436523438
2022-05-11,144.3758544921875,109.5119400024414,377.04022216796875,244.6666717529297,78.2253189086914
2022-05-12,140.4929656982422,109.41925048828125,376.6466369628906,242.6666717529297,78.5804214477539
2022-05-13,144.97703552246094,110.392578125,385.6514587402344,256.5299987792969,80.91143035888672
2022-05-16,143.4297637939453,109.6231918334961,384.08660888671875,241.4566650390625,82.8144760131836
2022-05-17,147.0760955810547,113.25689697265625,391.9874572753906,253.8699951171875,83.87071228027344
2022-05-18,138.77821350097656,111.31953430175781,376.1858215332031,236.60333251953125,82.54130554199219
2022-05-19,135.3585205078125,109.6695327758789,373.8818054199219,236.47332763671875,82.98748779296875
2022-05-20,135.59506225585938,108.7703628540039,374.0450134277344,221.3000030517578,83.64307403564453
2022-05-23,141.0349884033203,115.5001449584961,381.0434875488281,224.96665954589844,85.49149322509766
2022-05-24,138.3248748779297,117.13162994384766,378.1346435546875,209.3866729736328,85.95587921142578
2022-05-25,138.48255920410156,117.94734191894531,381.4754638671875,219.60000610351562,87.6859130859375
2022-05-26,141.69529724121094,119.98667907714844,389.0977783203125,235.91000366210938,87.9955062866211
2022-05-27,147.47030639648438,121.68304443359375,398.64984130859375,253.2100067138672,88.86051940917969
2022-05-31,146.68191528320312,122.57291412353516,396.4130554199219,252.75332641601562,87.41275787353516
2022-06-01,146.55380249023438,120.42235565185547,393.2066650390625,246.7899932861328,89.08816528320312
2022-06-02,149.01756286621094,122.3597183227539,400.6947021484375,258.3333435058594,88.93336486816406
2022-06-03,143.2720947265625,120.65409088134766,394.11865234375,234.51666259765625,90.2263412475586
2022-06-06,144.0210723876953,120.2554931640625,395.3186340332031,238.27999877929688,89.99870300292969
2022-06-07,146.55380249023438,120.57068634033203,399.11065673828125,238.8866729736328,94.1235122680664
2022-06-08,145.81468200683594,118.65184020996094,394.7714538574219,241.86666870117188,95.234375
2022-06-09,140.5718231201172,116.1583023071289,385.38262939453125,239.7066650390625,93.17652893066406
2022-06-10,135.1417236328125,110.81896209716797,374.20819091796875,232.22999572753906,91.47378540039062
2022-06-13,129.9678497314453,107.51896667480469,360.0002136230469,215.73666381835938,87.27617645263672
2022-06-14,130.8350830078125,105.72992706298828,358.9153747558594,220.88999938964844,87.5038070678711
2022-06-15,133.46632385253906,106.9813232421875,364.0323181152344,233.0,86.40204620361328
2022-06-16,128.17420959472656,105.14592742919922,351.98419189453125,213.10000610351562,83.21512603759766
2022-06-17,129.6524658203125,104.77513885498047,352.74298095703125,216.75999450683594,78.4165267944336
2022-06-21,133.89999389648438,107.37064361572266,361.6228332519531,237.0366668701172,83.29707336425781
2022-06-22,133.3874969482422,106.76811218261719,360.9672546386719,236.086669921875,80.00086975097656
2022-06-23,136.2651824951172,105.60013580322266,364.5056457519531,235.07000732421875,77.58790588378906
2022-06-24,139.60601806640625,108.7518310546875,376.09466552734375,245.7066650390625,79.12674713134766
2022-06-27,139.60601806640625,107.88047790527344,374.65814208984375,244.9199981689453,81.06621551513672
2022-06-28,135.44720458984375,107.36138153076172,367.0027770996094,232.663330078125,83.31527709960938
2022-06-29,137.21124267578125,106.87935638427734,366.703857421875,228.49000549316406,80.23762512207031
2022-06-30,134.7376708984375,104.38581085205078,363.724609375,224.47332763671875,77.97945404052734
2022-07-01,136.9156036376953,105.72065734863281,367.57159423828125,227.26333618164062,79.71861267089844
2022-07-05,139.50746154785156,105.31852722167969,368.2657775878906,233.06666564941406,77.22370147705078
2022-07-06,140.8477783203125,104.63585662841797,369.50958251953125,231.73333740234375,75.83055114746094
2022-07-07,144.22802734375,107.28238677978516,375.043701171875,244.5433349609375,78.25262451171875
2022-07-08,144.90802001953125,106.94570922851562,374.7352600097656,250.76333618164062,78.3801040649414
2022-07-11,142.7694854736328,105.54296875,370.454345703125,234.3433380126953,77.97945404052734
2022-07-12,143.7451171875,105.64583587646484,367.17633056640625,233.07000732421875,76.94144439697266
2022-07-13,143.38050842285156,104.65457916259766,365.2479553222656,237.0399932861328,77.25101470947266
2022-07-14,146.31727600097656,100.998046875,364.36102294921875,238.31333923339844,75.70309448242188
2022-07-15,147.99264526367188,105.62713623046875,371.3221435546875,240.06666564941406,76.97785186767578
2022-07-18,144.93759155273438,104.54234313964844,368.25616455078125,240.54666137695312,78.39830780029297
2022-07-19,148.8106231689453,107.13273620605469,378.2061462402344,245.52999877929688,80.37419891357422
2022-07-20,150.8209991455078,107.11405181884766,380.6164855957031,247.5,81.2574462890625
2022-07-21,153.09756469726562,107.84346771240234,384.4924011230469,271.7066650390625,79.90072631835938
2022-07-22,151.8558349609375,107.31979370117188,380.9250793457031,272.24334716796875,79.2906494140625
2022-07-25,150.73233032226562,107.74996948242188,381.3878479003906,268.4333190917969,81.93124389648438
2022-07-26,149.40191650390625,106.06665802001953,376.8756103515625,258.8599853515625,81.612548828125
2022-07-27,154.5166015625,107.7686767578125,386.6617126464844,274.82000732421875,83.3790283203125
2022-07-28,155.0685272216797,107.36653900146484,391.51141357421875,280.8999938964844,84.35330200195312
2022-07-29,160.15371704101562,107.8808822631836,397.2191467285156,297.1499938964844,88.25955963134766
2022-08-01,159.16818237304688,106.8054428100586,396.0428771972656,297.27667236328125,86.0287094116211
2022-08-02,157.68994140625,105.14083862304688,393.42999267578125,300.586669921875,85.65538787841797
2022-08-03,163.72122192382812,106.24433898925781,399.5909423828125,307.39666748046875,82.87820434570312
2022-08-04,163.40586853027344,105.07537078857422,399.32098388671875,308.6333312988281,79.39080810546875
2022-08-05,163.17889404296875,108.25495147705078,398.64605712890625,288.1700134277344,80.5381088256836
2022-08-08,162.7052001953125,106.93636322021484,398.1832580566406,290.42333984375,80.99339294433594
2022-08-09,162.75454711914062,107.89957427978516,396.6020812988281,283.3333435058594,82.4866714477539
2022-08-10,167.01783752441406,110.71443939208984,404.9323425292969,294.3566589355469,83.26974487304688
2022-08-11,166.2776641845703,112.35098266601562,404.9323425292969,286.6300048828125,85.67857360839844
2022-08-12,169.8402557373047,114.21195983886719,411.7873840332031,300.0299987792969,86.42328643798828
2022-08-15,170.91595458984375,114.52056884765625,413.48431396484375,309.32000732421875,84.87869262695312
2022-08-16,170.758056640625,115.61471557617188,414.2942199707031,306.5633239746094,84.0880126953125
2022-08-17,172.25807189941406,114.64214324951172,411.3535461425781,303.9966735839844,84.76834869384766
2022-08-18,171.8633270263672,113.75373840332031,412.5491638183594,302.8699951171875,86.77264404296875
2022-08-19,169.26788330078125,110.93888092041016,407.0052795410156,296.6666564941406,86.49683380126953
2022-08-22,165.36976623535156,109.10594177246094,398.5303649902344,289.913330078125,86.4324722290039
2022-08-23,165.03419494628906,108.0304946899414,397.5661926269531,296.4533386230469,90.10087585449219
2022-08-24,165.3302764892578,108.2923583984375,398.8388671875,297.0966796875,90.63411712646484
2022-08-25,167.7974090576172,110.86406707763672,404.4695129394531,296.07000732421875,91.1030044555664
2022-08-26,161.4716033935547,107.23561096191406,390.77862548828125,288.0899963378906,89.98135375976562
2022-08-29,159.26100158691406,106.97379302978516,388.1947326660156,284.82000732421875,92.04999542236328
2022-08-30,156.82345581054688,106.99247741699219,383.9331970214844,277.70001220703125,88.54708862304688
2022-08-31,155.15562438964844,106.35658264160156,381.0118408203125,275.6099853515625,87.88511657714844
2022-09-01,155.8859100341797,107.08599090576172,382.20733642578125,277.1600036621094,86.30376434326172
2022-09-02,153.76414489746094,106.33786010742188,378.1772155761719,270.2099914550781,87.88511657714844
2022-09-06,152.50094604492188,106.36592102050781,376.7502746582031,274.4200134277344,87.29671478271484
2022-09-07,153.9121856689453,108.38587951660156,383.51861572265625,283.70001220703125,86.552001953125
2022-09-08,152.431884765625,110.91082000732422,386.025390625,289.260009765625,87.25994110107422
2022-09-09,155.30364990234375,111.44386291503906,392.02239990234375,299.67999267578125,88.7217788696289
2022-09-12,161.2841033935547,112.762451171875,396.2356872558594,304.4200134277344,89.74230194091797
2022-09-13,151.82003784179688,108.84410095214844,379.0064392089844,292.1300048828125,87.64608764648438
2022-09-14,153.2707061767578,108.59161376953125,380.4526062011719,302.6099853515625,89.7974624633789
2022-09-15,150.36929321289062,110.22815704345703,376.13323974609375,303.75,87.1863784790039
2022-09-16,148.72122192382812,109.4893798828125,373.26373291015625,303.3500061035156,85.69696807861328
2022-09-19,152.45159912109375,110.49935150146484,376.1584167480469,309.07000732421875,85.6877670288086
2022-09-20,154.83981323242188,108.3204116821289,371.84063720703125,308.7300109863281,84.98902130126953
2022-09-21,151.70159912109375,105.19695281982422,365.3543395996094,300.79998779296875,83.6191177368164
2022-09-22,150.73446655273438,103.99995422363281,362.28546142578125,288.5899963378906,83.26974487304688
2022-09-23,148.4547882080078,102.06414031982422,356.21539306640625,275.3299865722656,78.8382568359375
2022-09-26,148.7903289794922,99.86650848388672,352.69146728515625,276.010009765625,77.21092987060547
2022-09-27,149.76731872558594,98.98744201660156,351.7911376953125,282.94000244140625,78.82905578613281
2022-09-28,147.87255859375,100.98870086669922,358.71307373046875,287.80999755859375,81.69757843017578
2022-09-29,140.60919189453125,99.27735137939453,351.2199401855469,268.2099914550781,81.53208923339844
2022-09-30,136.3853759765625,97.72496795654297,345.788818359375,265.25,80.27251434326172
2022-10-03,140.57952880859375,100.74555969238281,354.9180908203125,242.39999389648438,84.51094055175781
2022-10-04,144.181640625,105.45880126953125,365.915771484375,249.44000244140625,87.59091186523438
2022-10-05,144.47769165039062,104.15673828125,365.0638732910156,240.80999755859375,91.13058471679688
2022-10-06,143.52044677734375,102.03377532958984,361.2979736328125,238.1300048828125,93.83361053466797
2022-10-07,138.2505340576172,99.9957504272461,351.2199401855469,223.07000732421875,92.88664245605469
2022-10-10,138.57623291015625,99.0616455078125,348.53826904296875,222.9600067138672,90.87316131591797
2022-10-11,137.15512084960938,96.2027359008789,346.3309326171875,216.5,90.10087585449219
2022-10-12,136.52354431152344,97.75957489013672,345.1885986328125,217.24000549316406,90.4962158203125
2022-10-13,141.1125030517578,103.19432830810547,354.2984924316406,221.72000122070312,93.65892791748047
2022-10-14,136.56300354003906,104.91155242919922,346.2245178222656,204.99000549316406,91.19495391845703
2022-10-17,140.5401153564453,109.31785583496094,355.1213684082031,219.35000610351562,92.50968933105469
2022-10-18,141.8625030517578,112.12958526611328,359.2939453125,220.19000244140625,92.6751937866211
2022-10-19,141.97105407714844,109.93115997314453,356.747802734375,222.0399932861328,95.42417907714844
2022-10-20,141.50723266601562,109.5726089477539,353.7563781738281,207.27999877929688,95.55288696289062
2022-10-21,145.33627319335938,115.32817077636719,362.3531799316406,214.44000244140625,97.32733154296875
2022-10-24,147.48768615722656,115.46969604492188,366.7870788574219,211.25,98.00768280029297
2022-10-25,150.33970642089844,115.77163696289062,372.6441955566406,222.4199981689453,97.345703125
2022-10-26,147.3889923095703,117.1020278930664,369.8366394042969,224.63999938964844,98.504150390625
2022-10-27,142.8987274169922,117.56434631347656,367.86175537109375,225.08999633789062,98.88111114501953
2022-10-28,153.69509887695312,118.96078491210938,376.6134033203125,228.52000427246094,101.77720642089844
2022-10-31,151.32656860351562,118.7720718383789,373.89306640625,227.5399932861328,101.87834167480469
2022-11-01,148.6719207763672,120.91387939453125,372.2569580078125,227.82000732421875,102.88968658447266
2022-11-02,143.12571716308594,119.80052947998047,362.9147033691406,214.97999572753906,100.77505493164062
2022-11-03,137.0564422607422,120.01753234863281,359.17779541015625,215.30999755859375,102.14496612548828
2022-11-04,136.78955078125,123.30103302001953,364.3475341796875,207.47000122070312,103.25743103027344
2022-11-07,137.32333374023438,123.95207214355469,367.8326416015625,197.0800018310547,104.48023986816406
2022-11-08,137.8966827392578,124.02754211425781,369.81732177734375,191.3000030517578,104.81121826171875
2022-11-09,133.3198699951172,122.41411590576172,362.19830322265625,177.58999633789062,100.1222915649414
2022-11-10,145.1819610595703,127.45258331298828,382.1025695800781,190.72000122070312,101.59333038330078
2022-11-11,147.97946166992188,127.66016387939453,385.8008117675781,195.97000122070312,104.76522827148438
2022-11-14,146.57577514648438,126.3486557006836,382.5189208984375,190.9499969482422,105.07108306884766
2022-11-15,148.31553649902344,125.43342590332031,385.78143310546875,194.4199981689453,105.77545166015625
2022-11-16,147.0798797607422,125.6032485961914,382.8382873535156,186.9199981689453,104.6447525024414
2022-11-17,148.98773193359375,125.0560073852539,381.66693115234375,183.1699981689453,104.78378295898438
2022-11-18,149.55117797851562,126.2825927734375,383.3998107910156,180.19000244140625,103.87552642822266
2022-11-21,146.30886840820312,125.5372085571289,382.0057678222656,167.8699951171875,102.8467788696289
2022-11-22,148.4539337158203,127.41483306884766,387.14642333984375,169.91000366210938,105.82179260253906
2022-11-23,149.33372497558594,128.7735137939453,389.5860900878906,183.1999969482422,105.29351806640625
2022-11-25,146.40771484375,129.01882934570312,389.4989318847656,182.86000061035156,104.92279815673828
2022-11-28,142.5624237060547,126.7638168334961,383.2836608886719,182.9199981689453,101.77169799804688
2022-11-29,139.5474853515625,128.84902954101562,382.6253967285156,180.8300018310547,102.4482650756836
2022-11-30,146.32864379882812,130.37753295898438,394.67828369140625,194.6999969482422,103.1896743774414
2022-12-01,146.6054229736328,128.54710388183594,394.38787841796875,194.6999969482422,102.68921661376953
2022-12-02,146.1111602783203,127.52806091308594,393.932861328125,194.86000061035156,101.8180160522461
2022-12-05,144.94471740722656,123.95207214355469,386.8463134765625,182.4499969482422,99.02836608886719
2022-12-06,141.2675018310547,124.1596450805664,381.2699890136719,179.82000732421875,96.27577209472656
2022-12-07,139.3201446533203,124.0747299194336,380.62139892578125,174.0399932861328,96.0626220703125
2022-12-08,141.01046752929688,125.3768081665039,383.6031188964844,173.44000244140625,96.7762451171875
2022-12-09,140.52610778808594,124.69744873046875,380.737548828125,179.0500030517578,95.9606704711914
2022-12-12,142.82933044433594,126.63169860839844,386.22674560546875,167.82000732421875,98.3239974975586
2022-12-13,143.79808044433594,126.50904083251953,389.1504211425781,160.9499969482422,99.39907836914062
2022-12-14,141.5640411376953,125.87689208984375,386.6623840332031,156.8000030517578,98.66690826416016
2022-12-15,134.93115234375,122.7537841796875,377.2039794921875,157.6699981689453,97.72158813476562
2022-12-16,132.96401977539062,121.98950958251953,372.75067138671875,150.22999572753906,97.03575134277344
2022-12-19,130.8486328125,122.7160415649414,369.58984375,149.8699951171875,97.47134399414062
2022-12-20,130.7794189453125,123.31049346923828,370.0955505371094,137.8000030517578,98.88008117675781
2022-12-21,133.89321899414062,124.69744873046875,375.6294250488281,137.57000732421875,100.14979553222656
2022-12-22,130.71023559570312,123.28217315673828,370.2706298828125,125.3499984741211,98.12936401367188
2022-12-23,130.34449768066406,123.86714935302734,372.4005126953125,123.1500015258789,100.72440338134766
2022-12-27,128.5355224609375,124.30119323730469,370.93194580078125,109.0999984741211,102.1238784790039
2022-12-28,124.59138488769531,124.98053741455078,366.3220520019531,112.70999908447266,100.44635772705078
2022-12-29,128.12034606933594,125.6976318359375,372.9159851074219,121.81999969482422,101.20634460449219
2022-12-30,128.43666076660156,126.52792358398438,371.9337158203125,123.18000030517578,102.22582244873047
2023-01-03,123.63253021240234,127.49031066894531,370.3678894042969,108.0999984741211,98.71326446533203
2023-01-04,124.9076919555664,128.67916870117188,373.2271728515625,113.63999938964844,99.00056457519531
2023-01-05,123.58309936523438,128.65069580078125,368.9674377441406,110.33999633789062,101.21560668945312
2023-01-06,128.1302032470703,131.1124725341797,377.4286193847656,113.05999755859375,102.43897247314453
2023-01-09,128.6541290283203,130.5706787109375,377.21466064453125,119.7699966430664,100.52977752685547
2023-01-10,129.2274627685547,131.73980712890625,379.8600158691406,118.8499984741211,102.03118896484375
2023-01-11,131.9557647705078,132.71881103515625,384.6644287109375,123.22000122070312,103.21749877929688
2023-01-12,131.8766632080078,132.5857391357422,386.06488037109375,123.55999755859375,104.93206787109375
2023-01-13,133.21115112304688,135.9315185546875,387.5626220703125,122.4000015258789,104.86719512939453
2023-01-17,134.37762451171875,133.83090209960938,386.8526306152344,131.49000549316406,104.66329956054688
2023-01-18,133.6559600830078,129.81027221679688,380.7449951171875,128.77999877929688,102.51313018798828
2023-01-19,133.71530151367188,128.0803680419922,377.9732360839844,127.16999816894531,103.17115020751953
2023-01-20,136.28541564941406,128.39402770996094,385.0144958496094,133.4199981689453,105.05255126953125
2023-01-23,139.4882049560547,130.47561645507812,389.6341857910156,143.75,104.50574493408203
2023-01-24,140.891845703125,131.5972442626953,389.21600341796875,143.88999938964844,105.4788818359375
2023-01-25,140.22958374023438,132.2340545654297,389.3618469238281,144.42999267578125,104.92279815673828
2023-01-26,142.305419921875,133.05149841308594,393.6410827636719,160.27000427246094,109.13972473144531
2023-01-27,144.25277709960938,133.37466430664062,394.5455627441406,177.89999389648438,107.14712524414062
2023-01-30,141.3564453125,132.2435760498047,389.59527587890625,166.66000366210938,105.24718475341797
2023-01-31,142.6316375732422,133.032470703125,395.3236083984375,173.22000122070312,107.51783752441406
2023-02-01,143.75852966308594,132.6807861328125,399.5250244140625,181.41000366210938,106.3407974243164
2023-02-02,149.0865936279297,132.06298828125,405.3409118652344,188.27000427246094,103.01361083984375
2023-02-03,152.7242889404297,134.10655212402344,401.032470703125,189.97999572753906,103.72723388671875
2023-02-06,149.98609924316406,134.89547729492188,398.5816650390625,194.75999450683594,103.55113983154297
2023-02-07,152.87257385253906,136.5398406982422,403.7945251464844,196.80999755859375,106.50762176513672
2023-02-08,150.17391967773438,135.57984924316406,399.3791809082031,201.2899932861328,105.5808334350586
2023-02-09,149.13601684570312,133.46969604492188,395.9169006347656,207.32000732421875,105.9793472290039
2023-02-10,149.50228881835938,134.0590057373047,396.8408203125,196.88999938964844,110.44651794433594
2023-02-13,152.31394958496094,135.5133056640625,401.4992980957031,194.63999938964844,110.01690673828125
2023-02-14,151.67044067382812,136.1121063232422,401.3145446777344,209.25,108.72808074951172
2023-02-15,153.7791748046875,136.6824188232422,402.6177673339844,214.24000549316406,108.40119934082031
2023-02-16,152.1753387451172,134.8004150390625,397.07415771484375,202.0399932861328,108.08367919921875
2023-02-17,151.0269317626953,135.19964599609375,396.0822448730469,208.30999755859375,103.92768859863281
2023-02-21,146.99755859375,132.71881103515625,388.1364440917969,197.3699951171875,103.824951171875
2023-02-22,147.42324829101562,131.70179748535156,387.6015319824219,200.86000061035156,102.48009490966797
2023-02-23,147.9083709716797,132.75680541992188,389.6633605957031,202.07000732421875,103.42335510253906
2023-02-24,145.24526977539062,133.95448303222656,385.5008239746094,196.8800048828125,103.4327163696289
2023-02-27,146.4431610107422,135.12359619140625,386.8137512207031,207.6300048828125,103.24591827392578
2023-02-28,145.93826293945312,136.2546844482422,385.3841552734375,205.7100067138672,102.64820098876953
2023-03-01,143.85922241210938,135.49427795410156,383.9057922363281,202.77000427246094,103.56344604492188
2023-03-02,144.4532470703125,134.08755493164062,386.89154052734375,190.89999389648438,104.03976440429688
2023-03-03,149.5220947265625,136.5493621826172,393.096435546875,197.7899932861328,105.3565902709961
2023-03-06,152.29415893554688,135.75091552734375,393.3687744140625,193.80999755859375,106.29051208496094
2023-03-07,150.08642578125,131.75880432128906,387.3389587402344,187.7100067138672,104.23589324951172
2023-03-08,151.34375,130.97938537597656,387.9710693359375,182.0,102.71358489990234
2023-03-09,149.0865020751953,123.88863372802734,380.8131103515625,172.9199981689453,101.91973114013672
2023-03-10,147.01736450195312,127.03478240966797,375.3181457519531,173.44000244140625,100.65892028808594
2023-03-13,148.9676971435547,124.75360107421875,374.78326416015625,174.47999572753906,99.50086212158203
2023-03-14,151.0665283203125,127.95677947998047,380.9784240722656,183.25999450683594,99.87443542480469
2023-03-15,151.46255493164062,121.9115982055664,378.5956726074219,180.4499969482422,94.90592956542969
2023-03-16,154.2939910888672,124.27835845947266,385.23822021484375,184.1300048828125,94.35491180419922
2023-03-17,153.4524688720703,119.58285522460938,380.7337341308594,180.1300048828125,93.2435302734375
2023-03-20,155.8284912109375,120.8470230102539,384.3947448730469,183.25,95.68107604980469
2023-03-21,157.6897430419922,124.0882339477539,389.44207763671875,197.5800018310547,99.96781921386719
2023-03-22,156.2542266845703,120.88504791259766,382.8034362792969,191.14999389648438,97.67970275878906
2023-03-23,157.34323120117188,120.56187438964844,383.8382873535156,192.22000122070312,96.57767486572266
2023-03-24,158.65003967285156,118.72740936279297,386.3570556640625,190.41000366210938,96.68973541259766
2023-03-27,156.69973754882812,122.13021087646484,387.0794677734375,191.80999755859375,98.80974578857422
2023-03-28,156.07598876953125,122.50091552734375,386.2106018066406,189.19000244140625,100.04254150390625
2023-03-29,159.1648712158203,122.74803161621094,391.8241271972656,193.8800048828125,101.76097106933594
2023-03-30,160.739013671875,122.37732696533203,394.118408203125,195.27999877929688,102.25593566894531
2023-03-31,163.25363159179688,123.860107421875,399.67327880859375,207.4600067138672,102.41473388671875
2023-04-03,164.5109405517578,123.7175521850586,401.1962890625,194.77000427246094,108.45723724365234
2023-04-04,163.97634887695312,122.06367492675781,398.97039794921875,192.5800018310547,107.42058563232422
2023-04-05,162.12498474121094,122.24567413330078,397.92578125,185.52000427246094,109.26042938232422
2023-04-06,163.0160369873047,122.11156463623047,399.47802734375,185.05999755859375,107.44860076904297
2023-04-10,160.41229248046875,122.51390838623047,399.8880920410156,184.50999450683594,106.97229766845703
2023-04-11,159.19456481933594,123.117431640625,399.9955139160156,186.7899932861328,107.72877502441406
2023-04-12,158.50155639648438,123.0982666015625,398.36505126953125,180.5399932861328,107.61671447753906
2023-04-13,163.90704345703125,123.56767272949219,403.6564636230469,185.89999389648438,108.12103271484375
2023-04-14,163.56053161621094,132.89820861816406,402.67041015625,185.0,108.38253021240234
2023-04-17,163.580322265625,133.95199584960938,404.11529541015625,187.0399932861328,107.1217269897461
2023-04-18,164.80795288085938,135.4559783935547,404.37890625,184.30999755859375,109.2137451171875
2023-04-19,165.9563751220703,135.28355407714844,404.310546875,180.58999633789062,108.8681640625
2023-04-20,164.9861602783203,134.8907928466797,402.104248046875,162.99000549316406,107.99961853027344
2023-04-21,163.3724365234375,134.6321258544922,402.4166259765625,165.0800018310547,108.34518432617188
2023-04-24,163.6793212890625,134.8141632080078,402.8363952636719,162.5500030517578,110.39046478271484
2023-04-25,162.13490295410156,131.88278198242188,396.4418640136719,160.6699981689453,108.82147979736328
2023-04-26,162.12498474121094,129.5453643798828,394.7626953125,153.75,107.82215881347656
2023-04-27,166.72860717773438,131.28887939453125,402.62164306640625,160.19000244140625,109.11100006103516
2023-04-28,167.9858856201172,132.42884826660156,406.05804443359375,164.30999755859375,110.52122497558594
2023-05-01,167.8968048095703,135.264404296875,405.6480407714844,161.8300018310547,107.09370422363281
2023-05-02,166.8572998046875,133.0802459716797,401.0888366699219,160.30999755859375,102.82565307617188
2023-05-03,165.77816772460938,130.26382446289062,398.3358154296875,160.61000061035156,100.79901123046875
2023-05-04,164.13475036621094,128.4820098876953,395.514404296875,161.1999969482422,99.03389739990234
2023-05-05,171.8370819091797,130.9918670654297,402.8363952636719,170.05999755859375,101.49945831298828
2023-05-08,171.7677764892578,131.3080291748047,402.94378662109375,171.7899932861328,101.90106201171875
2023-05-09,170.05503845214844,130.67576599121094,401.1767578125,169.14999389648438,101.92906951904297
2023-05-10,171.82716369628906,130.7427978515625,403.0511779785156,168.5399932861328,100.62156677246094
2023-05-11,172.01527404785156,130.3308868408203,402.3482666015625,172.0800018310547,98.80040740966797
2023-05-12,171.0833740234375,128.46286010742188,401.8210754394531,167.97999572753906,98.79108428955078
2023-05-15,170.5876922607422,129.5453643798828,403.20733642578125,166.35000610351562,98.97947692871094
2023-05-16,170.5876922607422,128.6736297607422,400.5128479003906,166.52000427246094,96.57727813720703
2023-05-17,171.20233154296875,132.63002014160156,405.37469482421875,173.86000061035156,98.74396514892578
2023-05-18,173.5419921875,133.63584899902344,409.2797546386719,176.88999938964844,99.63890075683594
2023-05-19,173.65106201171875,133.32931518554688,408.6842041015625,180.13999938964844,100.10050201416016
2023-05-22,172.69932556152344,132.2276611328125,408.8501892089844,188.8699951171875,98.8852767944336
2023-05-23,170.08206176757812,130.84817504882812,404.2617492675781,185.77000427246094,100.23238372802734
2023-05-24,170.35964965820312,129.65072631835938,401.3329162597656,182.89999389648438,101.35340118408203
2023-05-25,171.499755859375,129.96685791015625,404.8084716796875,184.47000122070312,99.53528594970703
2023-05-26,173.91873168945312,131.1834716796875,410.0509948730469,193.1699981689453,98.8852767944336
2023-05-30,175.77261352539062,131.68161010742188,410.20721435546875,201.16000366210938,98.00919342041016
2023-05-31,175.72303771972656,130.00518798828125,407.9324951171875,203.92999267578125,96.25699615478516
2023-06-01,178.53858947753906,131.7965850830078,411.8082580566406,207.52000427246094,97.36859893798828
2023-06-02,179.3911590576172,134.56509399414062,417.76348876953125,213.97000122070312,99.62947845458984
2023-06-05,178.03298950195312,133.24310302734375,416.96295166015625,217.61000061035156,99.18672180175781
2023-06-06,177.66615295410156,133.4825897216797,417.870849609375,221.30999755859375,99.99687957763672
2023-06-07,176.28811645507812,134.7758331298828,416.42596435546875,224.57000732421875,102.2389144897461
2023-06-08,179.01446533203125,134.8141632080078,418.9447937011719,234.86000061035156,101.91863250732422
2023-06-09,179.40110778808594,135.08236694335938,419.69647216796875,244.39999389648438,101.16499328613281
2023-06-12,182.2067108154297,135.07281494140625,423.5039367675781,249.8300018310547,100.25121307373047
2023-06-13,181.73085021972656,136.04994201660156,426.2960510253906,258.7099914550781,100.27007293701172
2023-06-14,182.36534118652344,135.54222106933594,426.8037109375,256.7900085449219,99.06426239013672
2023-06-15,184.40757751464844,137.07493591308594,432.0950622558594,255.89999389648438,99.75193786621094
2023-06-16,183.3269805908203,137.23779296875,430.6232604980469,260.5400085449219,99.03599548339844
2023-06-20,183.4162139892578,136.5384979248047,428.38909912109375,274.45001220703125,96.76570129394531
2023-06-21,182.37527465820312,136.33731079101562,426.1941833496094,259.4599914550781,97.84903717041016
2023-06-22,185.38905334472656,133.71249389648438,427.73260498046875,264.6099853515625,97.31208038330078
2023-06-23,185.07180786132812,133.01318359375,424.4989318847656,256.6000061035156,96.46424102783203
2023-06-26,183.67398071289062,133.33889770507812,422.76458740234375,241.0500030517578,98.24468994140625
2023-06-27,186.4398956298828,133.3484649658203,427.3994445800781,250.2100067138672,98.48961639404297
2023-06-28,187.61965942382812,132.7641143798828,427.6150207519531,256.239990234375,99.29035186767578
2023-06-29,187.95672607421875,137.40066528320312,429.3003845214844,257.5,100.51499938964844
2023-06-30,192.2990264892578,139.326171875,434.366455078125,261.7699890136719,101.03311157226562
2023-07-03,190.80203247070312,140.44699096679688,434.8662109375,279.82000732421875,101.23094177246094
2023-07-05,189.68173217773438,139.5113983154297,434.2194519042969,282.4800109863281,100.71282958984375
2023-07-06,190.15762329101562,138.13206481933594,430.8192443847656,276.5400085449219,96.95409393310547
2023-07-07,189.03733825683594,139.2220001220703,429.7315673828125,274.42999267578125,97.1801986694336
2023-07-10,186.98521423339844,140.00328063964844,430.8192443847656,269.6099853515625,98.62150573730469
2023-07-11,186.45977783203125,142.19281005859375,433.56292724609375,269.7900085449219,99.82730865478516
2023-07-12,188.1351776123047,142.89691162109375,437.0513610839844,271.989990234375,100.31716918945312
2023-07-13,188.89852905273438,143.5913848876953,440.5201721191406,277.8999938964844,98.4802017211914
2023-07-14,189.04727172851562,144.45948791503906,440.2458190917969,281.3800048828125,95.08888244628906
2023-07-17,192.31883239746094,147.9414520263672,441.7744140625,290.3800048828125,95.50337219238281
2023-07-18,192.06106567382812,148.2115478515625,445.05706787109375,293.3399963378906,95.0700454711914
2023-07-19,193.41928100585938,148.78062438964844,446.0467834472656,291.260009765625,95.7294692993164
2023-07-20,191.4662322998047,150.61325073242188,443.0874938964844,262.8999938964844,97.41570281982422
2023-07-21,190.28651428222656,149.45579528808594,443.0874938964844,260.0199890136719,97.86787414550781
2023-07-24,191.08950805664062,152.3976593017578,445.06689453125,269.05999755859375,99.40339660644531
2023-07-25,191.9520263671875,151.25950622558594,446.28192138671875,265.2799987792969,99.55410766601562
2023-07-26,192.82444763183594,152.16615295410156,446.35052490234375,264.3500061035156,98.9983139038086
2023-07-27,191.5554656982422,150.4878692626953,443.3912658691406,255.7100067138672,99.3091812133789
2023-07-28,194.14300537109375,151.34632873535156,447.7322082519531,266.44000244140625,98.12223815917969
2023-07-31,194.75765991210938,152.3590850830078,448.5846862792969,267.42999267578125,101.02368927001953
2023-08-01,193.92486572265625,151.60671997070312,447.3010559082031,261.07000732421875,100.43964385986328
2023-08-02,190.92098999023438,149.88983154296875,441.0787353515625,254.11000061035156,99.18672180175781
2023-08-03,189.5231475830078,150.80613708496094,439.8146667480469,259.32000732421875,100.91065216064453
2023-08-04,180.4222412109375,150.4878692626953,437.8254699707031,253.86000061035156,101.19325256347656
2023-08-07,177.30926513671875,151.2016143798828,441.64703369140625,251.4499969482422,100.98600769042969
2023-08-08,178.25108337402344,150.35284423828125,439.7264709472656,249.6999969482422,101.48529052734375
2023-08-09,176.65496826171875,148.33692932128906,436.78680419921875,242.19000244140625,103.2092056274414
2023-08-10,176.4368438720703,148.11508178710938,436.9435729980469,245.33999633789062,103.73674774169922
2023-08-11,176.4964141845703,148.97352600097656,436.6888122558594,242.64999389648438,105.34762573242188
2023-08-14,178.15426635742188,149.2821807861328,439.0993347167969,239.75999450683594,105.43241119384766
2023-08-15,176.15887451171875,145.48187255859375,433.9842834472656,232.9600067138672,102.72560119628906
2023-08-16,175.28529357910156,144.86459350585938,430.79962158203125,225.60000610351562,100.9970474243164
2023-08-17,172.73399353027344,143.3599090576172,427.5169982910156,219.22000122070312,102.95353698730469
2023-08-18,173.2204132080078,143.68785095214844,427.7227783203125,215.49000549316406,104.51115417480469
2023-08-21,174.5605926513672,144.17974853515625,430.50567626953125,231.27999877929688,103.24796295166016
2023-08-22,175.9404754638672,141.18968200683594,429.339599609375,233.19000244140625,102.66861724853516
2023-08-23,179.80218505859375,142.14454650878906,434.1214904785156,236.86000061035156,101.76634979248047
2023-08-24,175.09666442871094,142.009521484375,428.1049499511719,230.0399932861328,101.00653839111328
2023-08-25,177.31045532226562,141.83592224121094,431.1230163574219,238.58999633789062,102.81108856201172
2023-08-28,178.8789520263672,142.3278350830078,433.85693359375,238.82000732421875,103.67535400390625
2023-08-29,182.78038024902344,143.48529052734375,440.12823486328125,257.17999267578125,104.2927017211914
2023-08-30,186.28466796875,142.9065704345703,441.9410400390625,256.8999938964844,105.3089370727539
2023-08-31,186.50306701660156,141.14144897460938,441.2943115234375,258.0799865722656,105.60335540771484
2023-09-01,188.0814971923828,141.61407470703125,442.117431640625,245.00999450683594,107.81629180908203
2023-09-05,188.3197479248047,140.05149841308594,440.20660400390625,256.489990234375,107.82577514648438
2023-09-06,181.57916259765625,139.82005310058594,437.24737548828125,251.9199981689453,108.75655364990234
2023-09-07,176.26809692382812,138.62399291992188,435.9049072265625,251.49000549316406,108.22468566894531
2023-09-08,176.88356018066406,138.7301025390625,436.5614013671875,248.5,109.80128479003906
2023-09-11,178.05499267578125,139.3377685546875,439.4324951171875,273.5799865722656,108.42414093017578
2023-09-12,175.0172576904297,141.15109252929688,437.02197265625,267.4800109863281,111.58683013916016
2023-09-13,172.9424591064453,141.2186279296875,437.53155517578125,271.29998779296875,110.58958435058594
2023-09-14,174.4613494873047,143.95790100097656,441.3041076660156,276.0400085449219,112.56507110595703
2023-09-15,173.73663330078125,143.5335235595703,435.98712158203125,274.3900146484375,110.83651733398438
2023-09-18,176.67510986328125,143.83248901367188,436.2427673339844,265.2799987792969,111.72927856445312
2023-09-19,177.76710510253906,143.64926147460938,435.3381042480469,266.5,111.43486022949219
2023-09-20,174.213134765625,143.04161071777344,431.33587646484375,262.5899963378906,110.55158996582031
2023-09-21,172.66448974609375,141.9227294921875,424.2066345214844,255.6999969482422,108.99400329589844
2023-09-22,173.51821899414062,140.56271362304688,423.25274658203125,244.8800048828125,109.16495513916016
2023-09-25,174.79885864257812,141.2572021484375,425.0325927734375,246.99000549316406,110.39013671875
2023-09-26,170.7088165283203,139.79107666015625,418.7883605957031,244.1199951171875,110.56108856201172
2023-09-27,169.18997192382812,140.61094665527344,418.95550537109375,240.5,114.16065979003906
2023-09-28,169.4480743408203,142.3567657470703,421.3843688964844,246.3800048828125,113.46733856201172
2023-09-29,169.96429443359375,139.8778839111328,420.3617248535156,250.22000122070312,111.67230224609375
2023-10-02,172.48582458496094,138.67222595214844,420.1945495605469,251.60000610351562,109.82026672363281
2023-10-03,171.14561462402344,137.6498260498047,414.5697937011719,246.52999877929688,110.01023864746094
2023-10-04,172.39646911621094,138.26712036132812,417.5886535644531,261.1600036621094,105.89778137207031
2023-10-05,173.63735961914062,138.85011291503906,417.43133544921875,260.04998779296875,103.51390075683594
2023-10-06,176.1986083984375,140.98776245117188,422.387451171875,260.5299987792969,101.78533935546875
2023-10-09,177.68768310546875,140.6671142578125,425.09161376953125,259.6700134277344,105.34693145751953
2023-10-10,177.092041015625,141.52215576171875,427.3041687011719,263.6199951171875,104.9005355834961
2023-10-11,178.49180603027344,142.00799560546875,429.05450439453125,262.989990234375,101.13951110839844
2023-10-12,179.39517211914062,141.67764282226562,426.4388427734375,258.8699951171875,101.1205062866211
2023-10-13,177.5487060546875,143.80557250976562,424.3147888183594,251.1199951171875,104.34968566894531
2023-10-16,177.41964721679688,143.65982055664062,428.7791748046875,253.9199981689453,104.42566680908203
2023-10-17,175.86105346679688,143.34889221191406,428.75946044921875,254.85000610351562,105.79331970214844
2023-10-18,174.5605926513672,141.7748260498047,423.0462341308594,242.67999267578125,107.2749252319336
2023-10-19,174.1833953857422,141.17236328125,419.32916259765625,220.11000061035156,107.34141540527344
2023-10-20,171.6221466064453,138.898681640625,414.17645263671875,211.99000549316406,105.49889373779297
2023-10-23,171.74127197265625,137.00396728515625,413.4586181640625,212.0800018310547,103.9507827758789
2023-10-24,172.17803955078125,137.16912841796875,416.5758361816406,216.52000427246094,102.94404602050781
2023-10-25,169.85508728027344,136.42095947265625,410.5970458984375,212.4199981689453,103.13399505615234
2023-10-26,165.6757354736328,136.770751953125,405.6802978515625,205.75999450683594,102.19374084472656
2023-10-27,166.9960479736328,131.8444366455078,403.84149169921875,207.3000030517578,100.24674224853516
2023-10-30,169.0509796142578,133.52542114257812,408.6697082519531,197.36000061035156,100.56016540527344
2023-10-31,169.52749633789062,135.1189422607422,411.23626708984375,200.83999633789062,100.53166198730469
2023-11-01,172.70419311523438,135.00234985351562,415.6219787597656,205.66000366210938,100.33219909667969
2023-11-02,176.27801513671875,137.4120635986328,423.58709716796875,218.50999450683594,103.62787628173828
2023-11-03,175.3647003173828,138.947265625,427.45166015625,219.9600067138672,102.36469268798828
2023-11-06,177.92593383789062,139.99667358398438,428.4350280761719,219.27000427246094,100.55066680908203
2023-11-07,180.49710083007812,139.92864990234375,429.6543273925781,222.17999267578125,98.97407531738281
2023-11-08,181.55929565429688,140.61854553222656,429.9690246582031,222.11000061035156,97.75839233398438
2023-11-09,181.0828094482422,140.20071411132812,426.6158142089844,209.97999572753906,97.78687286376953
2023-11-10,185.28756713867188,142.2800750732422,433.2730712890625,214.64999389648438,98.53717803955078
2023-11-13,183.69711303710938,141.64849853515625,432.86004638671875,223.7100067138672,99.57240295410156
2023-11-14,186.3213653564453,144.23309326171875,441.2579040527344,237.41000366210938,99.95579528808594
2023-11-15,186.887939453125,145.4962615966797,442.1920471191406,242.83999633789062,99.35197448730469
2023-11-16,188.57778930664062,147.15780639648438,442.73291015625,233.58999633789062,98.20184326171875
2023-11-17,188.5579376220703,148.4889678955078,443.2835998535156,234.3000030517578,100.59794616699219
2023-11-20,190.30740356445312,148.94564819335938,446.69580078125,235.60000610351562,100.15706634521484
2023-11-21,189.50225830078125,148.63473510742188,445.7222595214844,241.1999969482422,100.11872863769531
2023-11-22,190.16822814941406,148.98451232910156,447.443115234375,234.2100067138672,99.68743133544922
2023-11-24,188.8362579345703,149.1885528564453,447.71844482421875,235.4499969482422,100.22415161132812
2023-11-27,188.65731811523438,148.84849548339844,446.9121398925781,236.0800018310547,99.6395034790039
2023-11-28,189.26368713378906,149.1885528564453,447.3546142578125,246.72000122070312,99.58199310302734
2023-11-29,188.2398223876953,149.94647216796875,447.0399475097656,244.13999938964844,98.08683013916016
2023-11-30,188.8163604736328,151.6565704345703,448.8001403808594,240.0800018310547,98.47019958496094
2023-12-01,190.0986785888672,152.39503479003906,451.4552001953125,238.8300018310547,98.70982360839844
2023-12-04,188.29945373535156,153.51246643066406,449.0853271484375,235.5800018310547,98.173095703125
2023-12-05,192.2656707763672,153.49301147460938,448.996826171875,238.72000122070312,96.26580047607422
2023-12-06,191.17222595214844,151.8800811767578,447.1874694824219,239.3699951171875,94.9910659790039
2023-12-07,193.110595703125,152.34646606445312,450.5997009277344,242.63999938964844,94.3297348022461
2023-12-08,194.5419921875,154.02743530273438,452.5368957519531,243.83999633789062,95.41278839111328
2023-12-11,192.027099609375,154.59100341796875,454.29705810546875,239.74000549316406,95.47987365722656
2023-12-12,193.54795837402344,155.97076416015625,456.3719482421875,237.00999450683594,93.9751205444336
2023-12-13,196.77857971191406,156.4954376220703,462.6653747558594,239.2899932861328,94.8089599609375
2023-12-14,196.92767333984375,159.34242248535156,464.1502380371094,251.0500030517578,97.35841369628906
2023-12-15,196.3909149169922,160.54727172851562,463.385986328125,253.5,96.70667266845703
2023-12-18,194.72091674804688,161.5189208984375,465.9925842285156,252.0800018310547,97.42550659179688
2023-12-19,195.7646484375,163.67599487304688,468.82623291015625,257.2200012207031,98.70982360839844
2023-12-20,193.667236328125,161.82986450195312,462.3296203613281,247.13999938964844,97.06129455566406
2023-12-21,193.5181427001953,162.7529296875,466.7133483886719,254.5,97.50218963623047
2023-12-22,192.44459533691406,162.65574645996094,467.6512756347656,252.5399932861328,97.6747055053711
2023-12-26,191.89785766601562,163.61770629882812,469.6259460449219,256.6099853515625,97.8951416015625
2023-12-27,191.9972686767578,164.5990753173828,470.4750671386719,261.44000244140625,97.43509674072266
2023-12-28,192.42471313476562,165.47360229492188,470.65277099609375,253.17999267578125,96.02618408203125
2023-12-29,191.38096618652344,165.2792510986328,469.290283203125,248.47999572753906,95.82491302490234
